id,firstname,lastname,address,city,state,zip,email,birthdate,modifieddate,username
1,Mike,Gold,1903 Barton Hills Drive,Austin,TX,78704,mike@microgold.com,9/12/1965,5/2/2020,microgold
2,Bob,Newhart,1401 Jason Square,Nashville,TN,83485,test@test1.com,4/3/1923,5/2/2020,BobNew
3,Nina,Miller,1903 Barton Hills Drive,Austin,TX,78704,nina@goodfoodfighter.com,4/17/1965,5/2/2020,ninamiller
4,Rob,Bartlett,1200 Arboretum Dr,Austin,TX,78701,rob.bartlett@gmail.com,4/19/1967,5/2/2020,robb
5,Jody,Breaux,1010 Carnevaca Dr,Westlake,TX,78203,jbreaux@govcio.com,4/12/1967,5/2/2020,jbreaux
6,John,McPherson,Turkey Hill Dr.,Dripping Springs,TX,77837,jmcpherson@ftc.com,5/2/1967,5/2/2020,jmcpherson
